<ImportExportXml xmlns:xsi="http://www.w3.org/2001/XMLSchema-instance">
  <Entities></Entities>
  <Roles></Roles>
  <Workflows></Workflows>
  <FieldSecurityProfiles></FieldSecurityProfiles>
  <Templates />
  <EntityMaps />
  <EntityRelationships />
  <OrganizationSettings />
  <optionsets />
  <Dashboards>
    <Dashboard>
      <LocalizedNames>
        <LocalizedName description="Translation Management" languagecode="1031" />
      </LocalizedNames>
      <FormId>{46591a51-a8da-e611-80f3-5065f38a8ad1}</FormId>
      <IsCustomizable>1</IsCustomizable>
      <IsDefault>1</IsDefault>
      <FormXml>
        <forms type="dashboard">
          <form>
            <tabs>
              <tab showlabel="false" verticallayout="true" id="{ca1e60c5-ff65-448a-8866-57a4230bb8d4}">
                <labels>
                  <label description="Registerkarte" languagecode="1031" />
                </labels>
                <columns>
                  <column width="100%">
                    <sections>
                      <section showlabel="false" showbar="false" columns="1111" id="{d809eb07-e118-4211-9625-689889ba6e0e}">
                        <labels>
                          <label description="Abschnitt" languagecode="1031" />
                        </labels>
                        <rows>
                          <row>
                            <cell colspan="4" rowspan="18" showlabel="false" id="{8ceb49eb-2907-4fb2-8f76-4a9c2cd45514}">
                              <labels>
                                <label description="TranslationGrid" languagecode="1031" />
                              </labels>
                              <control id="WebResource_TranslationGrid" classid="{9FDF5F91-88B1-47f4-AD53-C11EFC01A01D}">
                                <parameters>
                                  <Url>oss_/html/TranslationGrid</Url>
                                  <PassParameters>false</PassParameters>
                                  <ShowOnMobileClient>false</ShowOnMobileClient>
                                  <Security>false</Security>
                                  <Scrolling>auto</Scrolling>
                                  <Border>true</Border>
                                  <WebResourceId>{1F78DB33-8EDA-E611-80F3-5065F38A8AD1}</WebResourceId>
                                </parameters>
                              </control>
                            </cell>
                          </row>
                          <row />
                          <row />
                          <row />
                          <row />
                          <row />
                          <row />
                          <row />
                          <row />
                          <row />
                          <row />
                          <row />
                          <row />
                          <row />
                          <row />
                          <row />
                          <row />
                          <row />
                        </rows>
                      </section>
                    </sections>
                  </column>
                </columns>
              </tab>
            </tabs>
          </form>
        </forms>
      </FormXml>
      <IntroducedVersion>1.0</IntroducedVersion>
      <IsTabletEnabled>0</IsTabletEnabled>
    </Dashboard>
  </Dashboards>
  <WebResources>
    <WebResource>
      <WebResourceId>{1f78db33-8eda-e611-80f3-5065f38a8ad1}</WebResourceId>
      <Name>oss_/html/TranslationGrid</Name>
      <DisplayName>/html/TranslationGrid</DisplayName>
      <WebResourceType>1</WebResourceType>
      <IntroducedVersion>1.0</IntroducedVersion>
      <IsEnabledForMobileClient>0</IsEnabledForMobileClient>
      <IsCustomizable>1</IsCustomizable>
      <CanBeDeleted>1</CanBeDeleted>
      <IsHidden>0</IsHidden>
      <FileName>/WebResources/oss_htmlTranslationGrid1F78DB33-8EDA-E611-80F3-5065F38A8AD1</FileName>
    </WebResource>
    <WebResource>
      <WebResourceId>{74285d88-8eda-e611-80f3-5065f38a8ad1}</WebResourceId>
      <Name>oss_/js/WebApiClient</Name>
      <DisplayName>/js/WebApiClient</DisplayName>
      <WebResourceType>3</WebResourceType>
      <IntroducedVersion>1.0</IntroducedVersion>
      <IsEnabledForMobileClient>0</IsEnabledForMobileClient>
      <IsCustomizable>1</IsCustomizable>
      <CanBeDeleted>1</CanBeDeleted>
      <IsHidden>0</IsHidden>
      <FileName>/WebResources/oss_jsWebApiClient74285D88-8EDA-E611-80F3-5065F38A8AD1</FileName>
    </WebResource>
    <WebResource>
      <WebResourceId>{090765d4-8eda-e611-80f3-5065f38a8ad1}</WebResourceId>
      <Name>oss_/js/XrmTranslator</Name>
      <DisplayName>/js/XrmTranslator</DisplayName>
      <WebResourceType>3</WebResourceType>
      <IntroducedVersion>1.0</IntroducedVersion>
      <IsEnabledForMobileClient>0</IsEnabledForMobileClient>
      <IsCustomizable>1</IsCustomizable>
      <CanBeDeleted>1</CanBeDeleted>
      <IsHidden>0</IsHidden>
      <FileName>/WebResources/oss_jsXrmTranslator090765D4-8EDA-E611-80F3-5065F38A8AD1</FileName>
    </WebResource>
    <WebResource>
      <WebResourceId>{424a8117-90da-e611-80f3-5065f38a8ad1}</WebResourceId>
      <Name>oss_/js/jQuery</Name>
      <DisplayName>/js/jQuery</DisplayName>
      <WebResourceType>3</WebResourceType>
      <IntroducedVersion>1.0</IntroducedVersion>
      <IsEnabledForMobileClient>0</IsEnabledForMobileClient>
      <IsCustomizable>1</IsCustomizable>
      <CanBeDeleted>1</CanBeDeleted>
      <IsHidden>0</IsHidden>
      <FileName>/WebResources/oss_jsjQuery424A8117-90DA-E611-80F3-5065F38A8AD1</FileName>
    </WebResource>
    <WebResource>
      <WebResourceId>{a8efd825-90da-e611-80f3-5065f38a8ad1}</WebResourceId>
      <Name>oss_/js/w2ui</Name>
      <DisplayName>/js/w2ui</DisplayName>
      <WebResourceType>3</WebResourceType>
      <IntroducedVersion>1.0</IntroducedVersion>
      <IsEnabledForMobileClient>0</IsEnabledForMobileClient>
      <IsCustomizable>1</IsCustomizable>
      <CanBeDeleted>1</CanBeDeleted>
      <IsHidden>0</IsHidden>
      <FileName>/WebResources/oss_jsw2uiA8EFD825-90DA-E611-80F3-5065F38A8AD1</FileName>
    </WebResource>
    <WebResource>
      <WebResourceId>{a205003d-90da-e611-80f3-5065f38a8ad1}</WebResourceId>
      <Name>oss_/css/w2ui</Name>
      <DisplayName>/css/w2ui</DisplayName>
      <WebResourceType>2</WebResourceType>
      <IntroducedVersion>1.0</IntroducedVersion>
      <IsEnabledForMobileClient>0</IsEnabledForMobileClient>
      <IsCustomizable>1</IsCustomizable>
      <CanBeDeleted>1</CanBeDeleted>
      <IsHidden>0</IsHidden>
      <FileName>/WebResources/oss_cssw2uiA205003D-90DA-E611-80F3-5065F38A8AD1</FileName>
    </WebResource>
  </WebResources>
  <Languages>
    <Language>1031</Language>
    <Language>1033</Language>
  </Languages>
</ImportExportXml>